,Product Name,Prices,Description,Reviews
0,"Samsung Galaxy S21 FE 5G with Snapdragon 888 (Lavender, 128 GB)","₹29,999",8 GB RAM | 128 GB ROM16.26 cm (6.4 inch) Full HD+ Display12MP + 12MP + 8MP (OIS) | 32MP Front Camera4500 mAh Lithium-ion BatterySnapdragon 888 Processor1 Year Manufacturer Warranty for Device and 6 Months Manufacturer Warranty for In-Box Accessories,4.3
1,"REDMI Note 13 Pro 5G (Midnight Black, 256 GB)","₹27,999",8 GB RAM | 256 GB ROM16.94 cm (6.67 inch) Display200MP (OIS) + 8MP + 2MP | 16MP Front Camera5100 mAh Battery7s Gen 2 Mobile Platform 5G Processor1 Year Manufacturer Warranty for Phone and 6 Months Warranty for In the Box Accessories,4.3
2,"Google Pixel 7 (Lemongrass, 128 GB)","₹46,999",8 GB RAM | 128 GB ROM16.0 cm (6.3 inch) Full HD+ Display50MP + 12MP | 10.8MP Front Camera4270 mAh BatteryGoogle Tensor G2 Processor1 Year Domestic Warranty,4.3
3,"Samsung Galaxy S21 FE 5G with Snapdragon 888 (Navy, 128 GB)","₹29,999",8 GB RAM | 128 GB ROM16.26 cm (6.4 inch) Full HD+ Display12MP + 12MP + 8MP (OIS) | 32MP Front Camera4500 mAh Lithium-ion BatterySnapdragon 888 Processor1 Year Manufacturer Warranty for Device and 6 Months Manufacturer Warranty for In-Box Accessories,4.3
4,"IQOO Z7 Pro 5G (Blue Lagoon, 256 GB)","₹24,873",8 GB RAM | 256 GB ROM17.22 cm (6.78 inch) Display64MP Rear Camera4600 mAh Battery1 Year on Handset and 6 Months on Accessories,4.5
5,"SAMSUNG Galaxy M34 5G without charger (Prism Silver, 128 GB)","₹17,523",8 GB RAM | 128 GB ROM16.51 cm (6.5 inch) Full HD+ Display50MP Rear Camera6000 mAh BatteryDomestic 1 Year of Device & 6 Months for In-Box Accessories,4.3
6,"IQOO Z7 Pro 5G (Graphite Matte, 256 GB)","₹25,255",8 GB RAM | 256 GB ROM17.22 cm (6.78 inch) Display64MP Rear Camera4600 mAh Battery1 Year on Handset and 6 Months on Accessories,4.5
7,"IQOO Z7 Pro 5G (Blue Lagoon, 128 GB)","₹23,543",8 GB RAM | 128 GB ROM17.22 cm (6.78 inch) Display64MP Rear Camera4600 mAh Battery1 Year on Handset and 6 Months on Accessories,4.5
8,"REDMI Note 13 Pro 5G (Arctic White, 256 GB)","₹27,999",8 GB RAM | 256 GB ROM16.94 cm (6.67 inch) Display200MP (OIS) + 8MP + 2MP | 16MP Front Camera5100 mAh Battery7s Gen 2 Mobile Platform 5G Processor1 Year Manufacturer Warranty for Phone and 6 Months Warranty for In the Box Accessories,4.3
9,"SAMSUNG Galaxy A34 5G (Awesome Graphite, 256 GB)","₹32,999","8 GB RAM | 256 GB ROM | Expandable Upto 1 TB16.76 cm (6.6 inch) Full HD+ Display48MP + 8MP + 5MP | 13MP Front Camera5000 mAh Li-ion Battery BatteryDimensity 1080, Octa Core Processor1 year manufacturer warranty for device and 6 months manufacturer warranty for in-box accessories",4.2
10,"IQOO Z7 Pro 5G (Graphite Matte, 128 GB)","₹23,497",8 GB RAM | 128 GB ROM17.22 cm (6.78 inch) Display64MP Rear Camera4600 mAh Battery1 Year on Handset and 6 Months on Accessories,4.5
11,"OnePlus Nord 3 5G (Misty Green, 128 GB)","₹28,076",8 GB RAM | 128 GB ROM17.12 cm (6.74 inch) Display50MP Rear Camera5000 mAh BatteryDomestic 1 Year of Device & 6 Months for In-Box Accessories,4.4
12,"REDMI Note 13 Pro 5G (Coral Purple, 256 GB)","₹29,999",12 GB RAM | 256 GB ROM16.94 cm (6.67 inch) Display200MP (OIS) + 8MP + 2MP | 16MP Front Camera5100 mAh Battery7s Gen 2 Mobile Platform 5G Processor1 Year Manufacturer Warranty for Phone and 6 Months Warranty for In the Box Accessories,4.2
13,"SAMSUNG Galaxy M34 5G without charger (Midnight Blue, 128 GB)","₹17,970",8 GB RAM | 128 GB ROM16.51 cm (6.5 inch) Display50MP Rear Camera6000 mAh BatteryDomestic 1 Year of Device & 6 Months for In-Box Accessories,4.3
14,"vivo Y200 5G (Jungle Green, 256 GB)","₹28,999",8 GB RAM | 256 GB ROM16.94 cm (6.67 inch) Full HD+ Display64MP + 2MP | 16MP Front Camera4800 mAh Battery4 Gen 1 Processor1 Year Manufacturer Warranty for Device and 6 Months Manufacturer Warranty for Inbox Accessories,4.4
15,"POCO F4 5G (Night Black, 256 GB)","₹21,999",12 GB RAM | 256 GB ROM16.94 cm (6.67 inch) Full HD+ Display64MP + 8MP + 2MP | 20MP Front Camera4500 mAh Lithium-ion Polymer BatteryQualcomm Snapdragon 870 Processor2 Years Brand Warranty,4.3
16,"SAMSUNG Galaxy A25 5G (Blue, 128 GB)","₹26,999",8 GB RAM | 128 GB ROM | Expandable Upto 1 TB16.51 cm (6.5 inch) Full HD+ Display50MP + 8MP + 2MP | 13MP Front Camera5000 mAh BatteryExynos 1280 Processor1 Year Manufacturer Warranty for Device and 6 Months for In-Box Accessories,4.5
17,"vivo Y200 5G (Desert Gold, 256 GB)","₹28,999",8 GB RAM | 256 GB ROM16.94 cm (6.67 inch) Full HD+ Display64MP + 2MP | 16MP Front Camera4800 mAh Battery4 Gen 1 Processor1 Year Manufacturer Warranty for Device and 6 Months Manufacturer Warranty for Inbox Accessories,4.4
18,"OnePlus Nord CE3 5G (Grey Shimmer, 256 GB)","₹28,699",12 GB RAM | 256 GB ROM17.02 cm (6.7 inch) Display50MP Rear Camera5000 mAh BatteryDomestic 1 Year of Device & 6 Months for In-Box Accessories,4.4
19,"OPPO Reno11 5G (Wave Green, 128 GB)","₹29,999",8 GB RAM | 128 GB ROM | Expandable Upto 2 TB17.02 cm (6.7 inch) Full HD+ Display50MP + 8MP + 32MP | 32MP Front Camera5000 mAh BatteryMediatek Dimensity 7050 Processor1 Year Manufacturer Warranty for Device and 6 Months Manufacturer Warranty for Inbox Accessories,4.3
20,"vivo V29e 5G (Artistic Red, 256 GB)","₹28,999",8 GB RAM | 256 GB ROM17.22 cm (6.78 inch) Full HD+ Display64MP + 8MP | 50MP Front Camera5000 mAh BatterySnapdragon 695 Processor1 Year Manufacturer Warranty for Phone and 6 Months Warranty for In the Box Accessories,4.4
21,"vivo V29e 5G (Artistic Red, 128 GB)","₹26,999",8 GB RAM | 128 GB ROM17.22 cm (6.78 inch) Full HD+ Display64MP + 8MP | 50MP Front Camera5000 mAh BatterySnapdragon 695 Processor1 Year Manufacturer Warranty for Phone and 6 Months Warranty for In the Box Accessories,4.4
22,"vivo V29e 5G (Artistic Blue, 128 GB)","₹26,999",8 GB RAM | 128 GB ROM17.22 cm (6.78 inch) Full HD+ Display64MP + 8MP | 50MP Front Camera5000 mAh BatterySnapdragon 695 Processor1 Year Manufacturer Warranty for Phone and 6 Months Warranty for In the Box Accessories,4.4
23,"OPPO Reno10 Pro 5G (Glossy Purple, 256 GB)","₹37,999",12 GB RAM | 256 GB ROM17.02 cm (6.7 inch) Full HD+ Display50MP + 32MP + 8MP | 32MP Front Camera4600 mAh BatterySnapdragon 778G 5G Processor1 Year Manufacturer Warranty for Phone and 6 Months Warranty for In the Box Accessories,4.3
24,"OnePlus Nord 2T 5G (Gray Shadow, 128 GB)","₹28,999",8 GB RAM | 128 GB ROM17.02 cm (6.7 inch) Display50MP Rear Camera4500 mAh Battery12 Month,4.3
25,"REDMI Note 13 Pro 5G (Arctic White, 256 GB)","₹29,999",12 GB RAM | 256 GB ROM16.94 cm (6.67 inch) Display200MP (OIS) + 8MP + 2MP | 16MP Front Camera5100 mAh Battery7s Gen 2 Mobile Platform 5G Processor1 Year Manufacturer Warranty for Phone and 6 Months Warranty for In the Box Accessories,4.2
26,"Google Pixel 7 (Obsidian, 128 GB)","₹46,999",8 GB RAM | 128 GB ROM16.0 cm (6.3 inch) Full HD+ Display50MP + 12MP | 10.8MP Front Camera4270 mAh BatteryGoogle Tensor G2 Processor1 Year Domestic Warranty,4.3
27,"SAMSUNG Galaxy M34 5G (Waterfall Blue, 128 GB)","₹17,588",8 GB RAM | 128 GB ROM16.51 cm (6.5 inch) Display50MP Rear Camera6000 mAh BatteryDomestic 1 Year of Device & 6 Months for In-Box Accessories,4.2
28,"Honor 90 5G (Diamond Silver, 256 GB)","₹25,980",8 GB RAM | 256 GB ROM17.02 cm (6.7 inch) Display200MP Rear Camera5000 mAh Battery1 year manufacturer warranty for handset & 6 months for accessories,4.1
29,"POCO F4 5G (Night Black, 128 GB)","₹29,999",8 GB RAM | 128 GB ROM16.94 cm (6.67 inch) Full HD+ Display64MP + 8MP + 2MP | 20MP Front Camera4500 mAh Lithium-ion Polymer BatteryQualcomm Snapdragon 870 Processor2 Years Brand Warranty,4.3
30,"OPPO Reno10 Pro 5G (Silvery Grey, 256 GB)","₹37,999",12 GB RAM | 256 GB ROM17.02 cm (6.7 inch) Full HD+ Display50MP + 32MP + 8MP | 32MP Front Camera4600 mAh BatterySnapdragon 778G 5G Processor1 Year Manufacturer Warranty for Phone and 6 Months Warranty for In the Box Accessories,4.3
31,"OnePlus 10R (Sierra Black, 128 GB)","₹28,984",8 GB RAM | 128 GB ROM17.02 cm (6.7 inch) Display50MP Rear Camera | 16MP Front Camera5000 mAh Battery1 Year Manufacturer Warranty for Handset and 6 Months Warranty for In the Box Accessories,4.3
32,"Motorola Edge 40 (Nebula Green, 256 GB)","₹26,999",8 GB RAM | 256 GB ROM16.51 cm (6.5 inch) Full HD+ Display50MP + 13MP | 32MP Front Camera4400 mAh BatteryDimensity 8020 ProcessorVegan Leather1 Year Handset and 6 Months Accessories,4.3
33,"realme GT NEO 3 (150W) (Nitro Blue, 256 GB)","₹25,999",12 GB RAM | 256 GB ROM17.02 cm (6.7 inch) Full HD+ Display50MP + 8MP + 2MP | 16MP Front Camera4500 mAh Lithium Ion BatteryMediatek Dimensity 8100 Processor1 Year Manufacturer Warranty for Phone and 6 Months Warranty for In-Box Accessories,4.4
34,"SAMSUNG Galaxy A25 5G (Blue Black, 128 GB)","₹26,999",8 GB RAM | 128 GB ROM | Expandable Upto 1 TB16.51 cm (6.5 inch) Full HD+ Display50MP + 8MP + 2MP | 13MP Front Camera5000 mAh BatteryExynos 1280 Processor1 Year Manufacturer Warranty for Device and 6 Months for In-Box Accessories,4.5
35,"SAMSUNG Galaxy A53 (Awesome Peach, 256 GB)","₹29,990",8 GB RAM | 256 GB ROM | Expandable Upto 1 TB16.51 cm (6.5 inch) Full HD+ Display64MP + 12MP + 5MP + 5MP | 32MP Front Camera5000 mAh Lithium Ion BatteryExynos Octa Core Processor Processor1 Year Manufacturer Warranty for Device and 6 Months Manufacturer Warranty for In-Box,4.2
36,"Honor X9b (Midnight Black, 256 GB)","₹25,072",8 GB RAM | 256 GB ROM17.22 cm (6.78 inch) Full HD+ Display108MP + 5MP + 2MP | 16MP Front Camera5800 mAh BatteryQualcomm Snapdragon 6 Gen 1 Processor1 Year Manufacturer Warranty for Device and 6 Months Manufacturer Warranty for Inbox Accessories,5
37,"REDMI K50i 5G (Quick Silver, 256 GB)","₹29,999",8 GB RAM | 256 GB ROM16.76 cm (6.6 inch) Full HD+ Display64MP + 8MP + 2MP | 16MP Front Camera5080 mAh BatteryDimensity 8100 Processor1 Year Manufacturer Warranty for Phone and 6 Months Warranty for In the Box Accessories,4.2
38,"SAMSUNG Galaxy A53 (Awesome Blue, 128 GB)","₹31,999",6 GB RAM | 128 GB ROM | Expandable Upto 1 TB16.51 cm (6.5 inch) Full HD+ Display64MP + 12MP + 5MP + 5MP | 32MP Front Camera5000 mAh Lithium Ion BatteryExynos Octa Core Processor Processor1 Year Manufacturer Warranty for Device and 6 Months Manufacturer Warranty for In-Box,4
39,"SAMSUNG Galaxy A53 (Awesome Black, 128 GB)","₹31,999",6 GB RAM | 128 GB ROM | Expandable Upto 1 TB16.51 cm (6.5 inch) Full HD+ Display64MP + 12MP + 5MP + 5MP | 32MP Front Camera5000 mAh Lithium Ion BatteryExynos Octa Core Processor Processor1 Year Manufacturer Warranty for Device and 6 Months Manufacturer Warranty for In-Box,4
40,"Honor X9b (Sunrise Orange, 256 GB)","₹25,985",8 GB RAM | 256 GB ROM17.22 cm (6.78 inch) Full HD+ Display108MP + 5MP + 2MP | 16MP Front Camera5800 mAh BatteryQualcomm Snapdragon 6 Gen 1 Processor1 Year Manufacturer Warranty for Device and 6 Months Manufacturer Warranty for Inbox Accessories,5
41,"SAMSUNG Galaxy A53 (Awesome Black, 128 GB)","₹25,990",8 GB RAM | 128 GB ROM | Expandable Upto 1 TB16.51 cm (6.5 inch) Full HD+ Display64MP + 12MP + 5MP + 5MP | 32MP Front Camera5000 mAh Lithium Ion BatteryExynos Octa Core Processor Processor1 Year Manufacturer Warranty for Device and 6 Months Manufacturer Warranty for In-Box,4.2
42,"realme 11 Pro+ 5G (Sunrise Beige, 256 GB)","₹29,999",12 GB RAM | 256 GB ROM17.02 cm (6.7 inch) Full HD+ Display200MP (OIS) + 8MP + 2MP | 32MP Front Camera5000 mAh BatteryDimensity 7050 Processor1 Year Manufacturer Warranty for Device and 6 Months Manufacturer Warranty for In-Box Accessories,4.4
43,"SAMSUNG Galaxy A33 (Awesome Black, 128 GB)","₹25,999",6 GB RAM | 128 GB ROM | Expandable Upto 1 TB16.26 cm (6.4 inch) Full HD+ Display48MP + 8MP + 5MP + 2MP | 13MP Front Camera5000 mAh Li-ion BatteryExynos 1280 Processor1 Year Manufacturer Warranty for Device and 6 Months Manufacturer Warranty for In-Box,4.1
44,"SAMSUNG Galaxy A25 5G (Yellow, 128 GB)","₹26,999",8 GB RAM | 128 GB ROM | Expandable Upto 1 TB16.51 cm (6.5 inch) Full HD+ Display50MP + 8MP + 2MP | 13MP Front Camera5000 mAh BatteryExynos 1280 Processor1 Year Manufacturer Warranty for Device and 6 Months for In-Box Accessories,4.5
45,"vivo V25 5G (Sunrise Gold, 128 GB)","₹27,999",8 GB RAM | 128 GB ROM16.36 cm (6.44 inch) Full HD+ Display64MP + 8MP + 2MP | 50MP Front Camera4500 mAh Lithium BatteryDimensity 900 Processor1 Year of Device & 6 Months for In-Box Accessories,4.3
46,"Honor 90 5G (Midnight Black, 512 GB)","₹27,990",12 GB RAM | 512 GB ROM17.02 cm (6.7 inch) Display200MP Rear Camera5000 mAh Battery1 year manufacturer warranty for handset & 6 months for accessories,4.1
47,"REDMI Note 12 Pro+ 5G (Obsidian Black, 256 GB)","₹27,999",8 GB RAM | 256 GB ROM16.94 cm (6.67 inch) Full HD+ AMOLED Display200MP + 8MP + 2MP | 16MP Front Camera4980 mAh Lithium Polymer BatteryMediatek Dimensity 1080 Processor1 Year Manufacturer Warranty for Phone and 6 Months Warranty for In the Box Accessories,4.2
48,"Xiaomi 11i Hypercharge 5G (Stealth Black, 128 GB)","₹26,999",6 GB RAM | 128 GB ROM | Expandable Upto 1 TB16.94 cm (6.67 inch) Full HD+ AMOLED Display108MP + 8MP + 2MP | 16MP Front Camera4500 mAh Li-Polymer BatteryMediatek Dimensity 920 Processor1 Year Manufacturer Warranty for Phone and 6 Months Warranty for In the Box Accessories,4.2
49,"realme 11 Pro+ 5G (Oasis Green, 256 GB)","₹29,999",12 GB RAM | 256 GB ROM17.02 cm (6.7 inch) Full HD+ Display200MP (OIS) + 8MP + 2MP | 32MP Front Camera5000 mAh BatteryDimensity 7050 Processor1 Year Manufacturer Warranty for Device and 6 Months Manufacturer Warranty for In-Box Accessories,4.4
50,"SAMSUNG Galaxy S20 FE 5G (Cloud Mint, 128 GB)","₹26,999",8 GB RAM | 128 GB ROM16.51 cm (6.5 inch) Display12MP + 12MP | 32MP + 32MP Dual Front Camera4500 mAh Battery1 Year Warranty,4.2
51,"SAMSUNG Galaxy M52 5G (Icy Blue, 128 GB)","₹22,990",8 GB RAM | 128 GB ROM17.02 cm (6.7 inch) Display32MP Rear Camera5000 mAh Battery1 Year Warranty,4.2
52,"Google Pixel 7 (Lemongrass, 128 GB)","₹46,999",8 GB RAM | 128 GB ROM16.0 cm (6.3 inch) Full HD+ Display50MP + 12MP | 10.8MP Front Camera4270 mAh BatteryGoogle Tensor G2 Processor1 Year Domestic Warranty,4.3
53,"Honor 90 5G (Emerald Green, 512 GB)","₹27,980",12 GB RAM | 512 GB ROM17.02 cm (6.7 inch) Display200MP Rear Camera5000 mAh Battery1 year manufacturer warranty for handset & 6 months for accessories,4.1
54,"realme 11 Pro+ 5G (Sunrise Beige, 256 GB)","₹27,999",8 GB RAM | 256 GB ROM17.02 cm (6.7 inch) Full HD+ Display200MP (OIS) + 8MP + 2MP | 32MP Front Camera5000 mAh BatteryDimensity 7050 Processor1 Year Manufacturer Warranty for Device and 6 Months Manufacturer Warranty for In-Box Accessories,4.3
55,"realme GT NEO 3 (150W) (Sprint White, 256 GB)","₹25,999",12 GB RAM | 256 GB ROM17.02 cm (6.7 inch) Full HD+ Display50MP + 8MP + 2MP | 16MP Front Camera4500 mAh Lithium Ion BatteryMediatek Dimensity 8100 Processor1 Year Manufacturer Warranty for Phone and 6 Months Warranty for In-Box Accessories,4.4
56,"IQOO Neo 7 5G (Frost Blue, 256 GB)","₹30,990",12 GB RAM | 256 GB ROM17.22 cm (6.78 inch) Display64MP Rear Camera5000 mAh Battery12 Months domestic warranty,4.4
57,"IQOO Neo 7 5G (Interstellar Black, 256 GB)","₹30,996",12 GB RAM | 256 GB ROM17.22 cm (6.78 inch) Display64MP Rear Camera5000 mAh Battery12 Months Domestic Warranty,4.4
58,"realme GT NEO 3 (150W) (Asphalt Black, 256 GB)","₹25,999",12 GB RAM | 256 GB ROM17.02 cm (6.7 inch) Full HD+ Display50MP + 8MP + 2MP | 16MP Front Camera4500 mAh Lithium Ion BatteryMediatek Dimensity 8100 Processor1 Year Manufacturer Warranty for Phone and 6 Months Warranty for In-Box Accessories,4.4
59,"POCO F4 5G (Night Black, 128 GB)","₹27,999",6 GB RAM | 128 GB ROM16.94 cm (6.67 inch) Full HD+ Display64MP + 8MP + 2MP | 20MP Front Camera4500 mAh Lithium-ion Polymer BatteryQualcomm Snapdragon 870 Processor2 Years Brand Warranty,4.3
60,"REDMI Note 12 Pro+ 5G (Iceberg Blue, 256 GB)","₹27,999",8 GB RAM | 256 GB ROM16.94 cm (6.67 inch) Full HD+ AMOLED Display200MP + 8MP + 2MP | 16MP Front Camera4980 mAh Lithium Polymer BatteryMediatek Dimensity 1080 Processor1 Year Manufacturer Warranty for Phone and 6 Months Warranty for In the Box Accessories,4.2
61,"SAMSUNG Galaxy A53 (Awesome Blue, 128 GB)","₹33,499",8 GB RAM | 128 GB ROM | Expandable Upto 1 TB16.51 cm (6.5 inch) Full HD+ Display64MP + 12MP + 5MP + 5MP | 32MP Front Camera5000 mAh Lithium Ion BatteryExynos Octa Core Processor Processor1 Year Manufacturer Warranty for Device and 6 Months Manufacturer Warranty for In-Box,4.2
62,"realme GT Neo 3 (150W - Thor Limited Edition) (NITRO BLUE, 256 GB)","₹25,999",12 GB RAM | 256 GB ROM17.02 cm (6.7 inch) Full HD+ Display50MP + 8MP + 2MP | 16MP Front Camera4500 mAh Lithium Ion BatteryMediatek Dimensity 8100 Processor1 Year Manufacturer Warranty for Phone and 6 Months Warranty for In-Box Accessories,4.3
63,"POCO F4 5G (Nebula Green, 128 GB)","₹21,899",6 GB RAM | 128 GB ROM16.94 cm (6.67 inch) Full HD+ Display64MP + 8MP + 2MP | 20MP Front Camera4500 mAh Lithium-ion Polymer BatteryQualcomm Snapdragon 870 Processor2 Years Brand Warranty,4.3
64,"Honor 90 5G (Emerald Green, 256 GB)","₹25,980",8 GB RAM | 256 GB ROM17.02 cm (6.7 inch) Display200MP Rear Camera5000 mAh Battery1 year manufacturer warranty for handset & 6 months for accessories,4.1
65,"POCO F5 5G (Electric Blue, 256 GB)","₹29,999",8 GB RAM | 256 GB ROM16.94 cm (6.67 inch) Full HD+ Display64MP (OIS) + 8MP + 2MP | 16MP Front Camera5000 mAh BatteryQualcomm Snapdragon 7+ Gen 2 (4nm) Processor2 Year Manufacturer Warranty for Phone and 6 Months Warranty for In the Box Accessories,4.3
66,"POCO X5 Pro 5G (Horizon Blue, 256 GB)","₹28,999",8 GB RAM | 256 GB ROM16.94 cm (6.67 inch) Full HD+ Display108MP + 8MP + 2MP | 16MP Front Camera5000 mAh BatteryQualcomm Snapdragon 778G Processor1 Year Manufacturer Warranty for Phone and 6 Months Warranty for in the Box Accessories,4.3
67,"IQOO Neo 7 (Frost Blue, 256 GB)","₹30,890",12 GB RAM | 256 GB ROM17.22 cm (6.78 inch) Full HD+ Display64MP + 2MP + 2MP | 16MP + 16MP Dual Front Camera5000 mAh BatteryMediatek Dimensity 8200 (4 nm) Processor1 Year Brand Warranty,4.4
68,"POCO X5 Pro 5G (Horizon Blue, 128 GB)","₹25,999",6 GB RAM | 128 GB ROM16.94 cm (6.67 inch) Full HD+ Display108MP + 8MP + 2MP | 16MP Front Camera5000 mAh BatteryQualcomm Snapdragon 778G Processor1 Year Manufacturer Warranty for Phone and 6 Months Warranty for in the Box Accessories,4.3
69,"realme Narzo 60 Pro 5G (Mars Orange, 256 GB)","₹25,444",12 GB RAM | 256 GB ROM17.02 cm (6.7 inch) Display100MP Rear Camera5000 mAh BatteryDomestic 1 Year of Device & 6 Months for In-Box Accessories,4.3
70,"SAMSUNG Galaxy M52 5G (Icy Blue, 128 GB)","₹21,499",6 GB RAM | 128 GB ROM17.02 cm (6.7 inch) Display64MP Rear Camera5000 mAh Battery1 Year Warranty,4.2
71,"POCO F5 5G (Carbon Black, 256 GB)","₹29,999",8 GB RAM | 256 GB ROM16.94 cm (6.67 inch) Full HD+ Display64MP (OIS) + 8MP + 2MP | 16MP Front Camera5000 mAh BatteryQualcomm Snapdragon 7+ Gen 2 (4nm) Processor2 Year Manufacturer Warranty for Phone and 6 Months Warranty for In the Box Accessories,4.3
72,"Google Pixel 7 (Lemongrass, 128 GB)","₹46,999",8 GB RAM | 128 GB ROM16.0 cm (6.3 inch) Full HD+ Display50MP + 12MP | 10.8MP Front Camera4270 mAh BatteryGoogle Tensor G2 Processor1 Year Domestic Warranty,4.3
73,"vivo V21 5G (Sunset Dazzle, 256 GB)","₹26,490",8 GB RAM | 256 GB ROM16.36 cm (6.44 inch) Full HD+ Display64MP + 8MP + 2MP | 44MP Front Camera4000 mAh Lithium-ion BatteryMediaTek Dimensity 800U ProcessorAMOLED Display1 Year for Handset and 6 Months for In-box Accessories,4.3
74,"REDMI Note 12 Pro 5G (Onyx Black, 256 GB)","₹25,999",12 GB RAM | 256 GB ROM16.94 cm (6.67 inch) Full HD+ AMOLED Display50MP (OIS) + 8MP + 2MP | 16MP Front Camera5000 mAh Lithium Polymer BatteryMediatek Dimensity 1080 Processor1 Year Manufacturer Warranty for Phone and 6 Months Warranty for In the Box Accessories,4.1
75,"vivo V25 5G (Elegant Black, 128 GB)","₹27,999",8 GB RAM | 128 GB ROM16.36 cm (6.44 inch) Full HD+ Display64MP + 8MP + 2MP | 50MP Front Camera4500 mAh Lithium BatteryDimensity 900 Processor1 Year of Device & 6 Months for In-Box Accessories,4.3
76,"SAMSUNG Galaxy S20 FE 5G (Cloud Navy, 128 GB)","₹26,999",8 GB RAM | 128 GB ROM16.51 cm (6.5 inch) Display12MP Rear Camera4500 mAh Battery1 Year Warranty,4.2
77,"vivo V23 Pro 5G (Sunshine Gold, 128 GB)","₹29,990",8 GB RAM | 128 GB ROM16.66 cm (6.56 inch) Full HD+ Display108MP + 8MP + 2MP | 50MP + 8MP Dual Front Camera4300 mAh Lithium BatteryMediatek Dimensity 1200 Processor1 Year Manufacturer Warranty for Phone and 6 Months Warranty for In the Box Accessories,4.3
78,"SAMSUNG Galaxy M53 5G (Mystique Green, 128 GB)","₹31,990",6 GB RAM | 128 GB ROM17.02 cm (6.7 inch) Display108MP Rear Camera5000 mAh Battery12 Months Warranty,3.9
79,"SAMSUNG Galaxy S20 FE 5G (Cloud Navy, 128 GB)","₹27,499",8 GB RAM | 128 GB ROM16.51 cm (6.5 inch) Display12MP Rear Camera | 32MP Front Camera4500 mAh Battery1 Year Warranty,4.2
80,"vivo V21 5G (Sunset Dazzle, 128 GB)","₹23,499",8 GB RAM | 128 GB ROM16.36 cm (6.44 inch) Full HD+ Display64MP + 8MP + 2MP | 44MP Front Camera4000 mAh Lithium-ion BatteryMediaTek Dimensity 800U ProcessorAMOLED Display1 Year for Handset and 6 Months for In-box Accessories,4.3
81,"vivo V23e 5G (Sunshine Gold, 128 GB)","₹23,990",8 GB RAM | 128 GB ROM | Expandable Upto 1 TB16.36 cm (6.44 inch) Full HD+ AMOLED Display50MP + 8MP + 2MP | 44MP Front Camera4050 mAh Lithium BatteryMediatek Dimensity 810 Processor1 Year Manufacturer Warranty for Phone and 6 Months Warranty for In the Box Accessories,4.2
82,"SAMSUNG Galaxy A33 (Awesome Blue, 128 GB)","₹25,999",6 GB RAM | 128 GB ROM | Expandable Upto 1 TB16.26 cm (6.4 inch) Full HD+ Display48MP + 8MP + 5MP + 2MP | 13MP Front Camera5000 mAh Li-ion BatteryExynos 1280 Processor1 Year Manufacturer Warranty for Device and 6 Months Manufacturer Warranty for In-Box,4.1
83,"vivo V25 5G (Surfing Blue, 128 GB)","₹27,999",8 GB RAM | 128 GB ROM16.36 cm (6.44 inch) Full HD+ Display64MP + 8MP + 2MP | 50MP Front Camera4500 mAh Lithium BatteryDimensity 900 Processor1 Year of Device & 6 Months for In-Box Accessories,4.3
84,"SAMSUNG Galaxy A25 5G (Yellow, 256 GB)","₹29,999",8 GB RAM | 256 GB ROM | Expandable Upto 1 TB16.51 cm (6.5 inch) Full HD+ Display50MP + 8MP + 2MP | 13MP Front Camera5000 mAh BatteryExynos 1280 Processor1 Year Manufacturer Warranty for Device and 6 Months for In-Box Accessories,4.5
85,"vivo Y100A (Twilight Gold, 256 GB)","₹23,999",8 GB RAM | 256 GB ROM16.21 cm (6.38 inch) Full HD+ Display64MP + 2MP + 2MP | 16MP Front Camera4500 mAh BatterySnapdragon 695 Processor1 Year of Device & 6 Months for Inbox Accessories,4.3
86,"REDMI Note 12 Pro 5G (Stardust Purple, 256 GB)","₹25,999",12 GB RAM | 256 GB ROM16.94 cm (6.67 inch) Full HD+ AMOLED Display50MP (OIS) + 8MP + 2MP | 16MP Front Camera5000 mAh Lithium Polymer BatteryMediatek Dimensity 1080 Processor1 Year Manufacturer Warranty for Phone and 6 Months Warranty for In the Box Accessories,4.1
87,"POCO X5 Pro 5G (Yellow, 256 GB)","₹28,999",8 GB RAM | 256 GB ROM16.94 cm (6.67 inch) Full HD+ Display108MP + 8MP + 2MP | 16MP Front Camera5000 mAh BatteryQualcomm Snapdragon 778G Processor1 Year Manufacturer Warranty for Phone and 6 Months Warranty for in the Box Accessories,4.3
88,"realme 11 Pro 5G (Sunrise Beige, 256 GB)","₹27,999",12 GB RAM | 256 GB ROM17.02 cm (6.7 inch) Full HD+ Display100MP (OIS) + 2MP | 16MP Front Camera5000 mAh BatteryDimensity 7050 Processor1 Year Manufacturer Warranty for Device and 6 Months Manufacturer Warranty for In-Box Accessories,4.3
89,"Motorola Edge 30 (Aurora Green, 128 GB)","₹26,999",8 GB RAM | 128 GB ROM16.64 cm (6.55 inch) Full HD+ Display50MP + 50MP + 2MP | 32MP Front Camera4020 mAh Lithium BatteryQualcomm Snapdragon 778G Plus Processor1 Year on Handset and 6 Months on Accessories,4.1
90,"POCO X5 Pro 5G (Astral Black, 128 GB)","₹25,999",6 GB RAM | 128 GB ROM16.94 cm (6.67 inch) Full HD+ Display108MP + 8MP + 2MP | 16MP Front Camera5000 mAh BatteryQualcomm Snapdragon 778G Processor1 Year Manufacturer Warranty for Phone and 6 Months Warranty for in the Box Accessories,4.3
91,"OnePlus Nord 2T 5G (Jade Fog, 128 GB)","₹28,799",8 GB RAM | 128 GB ROM17.02 cm (6.7 inch) Display50MP Rear Camera | 32MP Front Camera4500 mAh Battery12 Month,4.3
92,"Xiaomi 11i Hypercharge 5G (Purple Mist, 128 GB)","₹26,999",6 GB RAM | 128 GB ROM | Expandable Upto 1 TB16.94 cm (6.67 inch) Full HD+ AMOLED Display108MP + 8MP + 2MP | 16MP Front Camera4500 mAh Li-Polymer BatteryMediatek Dimensity 920 Processor1 Year Manufacturer Warranty for Phone and 6 Months Warranty for In the Box Accessories,4.2
93,"vivo Y100 5G (Twilight Gold, 128 GB)","₹22,498",8 GB RAM | 128 GB ROM16.21 cm (6.38 inch) Full HD+ AMOLED Display64MP (OIS) + 2MP + 2MP | 16MP Front Camera4500 mAh BatteryMediatek Dimensity 900 Processor1 Year Manufacturer Warranty for Handset and 6 Months Manufacturer Warranty for In-Box Accessories,4.3
94,"vivo Y100A (Pacific Blue, 256 GB)","₹23,999",8 GB RAM | 256 GB ROM16.21 cm (6.38 inch) Full HD+ Display64MP + 2MP + 2MP | 16MP Front Camera4500 mAh BatterySnapdragon 695 Processor1 Year of Device & 6 Months for Inbox Accessories,4.3
95,"vivo Y100 5G (Metal Black, 128 GB)","₹21,999",8 GB RAM | 128 GB ROM16.21 cm (6.38 inch) Full HD+ AMOLED Display64MP (OIS) + 2MP + 2MP | 16MP Front Camera4500 mAh BatteryMediatek Dimensity 900 Processor1 Year Manufacturer Warranty for Handset and 6 Months Manufacturer Warranty for In-Box Accessories,4.3
96,"Google Pixel 7 (Lemongrass, 128 GB)","₹46,999",8 GB RAM | 128 GB ROM16.0 cm (6.3 inch) Full HD+ Display50MP + 12MP | 10.8MP Front Camera4270 mAh BatteryGoogle Tensor G2 Processor1 Year Domestic Warranty,4.3
97,"vivo Y100 5G (Metal Black, 128 GB)","₹21,999",8 GB RAM | 128 GB ROM16.21 cm (6.38 inch) Full HD+ AMOLED Display64MP (OIS) + 2MP + 2MP | 16MP Front Camera4500 mAh BatteryMediatek Dimensity 900 Processor1 Year Manufacturer Warranty for Handset and 6 Months Manufacturer Warranty for In-Box Accessories,4.3
98,"vivo T1 Pro 5G (Turbo Black, 128 GB)","₹24,999",8 GB RAM | 128 GB ROM16.36 cm (6.44 inch) Full HD+ AMOLED Display64MP + 8MP + 2MP | 16MP Front Camera4700 mAh Lithium BatteryQualcomm Snapdragon 778G 5G Mobile Platform Processor1 Year Handset and 6 Months Accessories,4.4
99,"REDMI K50i 5G (Stealth Black, 256 GB)","₹31,999",8 GB RAM | 256 GB ROM16.76 cm (6.6 inch) Full HD+ Display64MP + 8MP + 2MP | 16MP Front Camera5080 mAh BatteryDimensity 8100 Processor1 Year Manufacturer Warranty for Phone and 6 Months Warranty for In the Box Accessories,4.2
100,"SAMSUNG Galaxy M33 5G (Mystique Green, 128 GB)","₹22,199",8 GB RAM | 128 GB ROM16.76 cm (6.6 inch) Display50MP Rear Camera6000 mAh Battery1 Year Warranty,4.2
101,"realme GT Master Edition (Daybreak Blue, 256 GB)","₹25,999",8 GB RAM | 256 GB ROM16.33 cm (6.43 inch) Full HD+ Display64MP + 8MP + 2MP | 32MP Front Camera4300 mAh BatteryQualcomm Snapdragon 778G Processor1 Year Warranty for Mobile and 6 Months for Accessories,4.4
102,"OPPO Reno8T 5G (Midnight Black, 128 GB)","₹38,999",8 GB RAM | 128 GB ROM | Expandable Upto 1 TB17.02 cm (6.7 inch) Full HD+ Display108MP + 2MP + 2MP | 32MP Front Camera4800 mAh Lithium-ion Polymer BatteryQualcomm Snapdragon 695 Processor67W SUPERVOOC TM Charger I Dual Stereo Speakers120Hz 3D Curved AMOLED Screen1 Year on Handset and 6 Months on Accessories,4.3
103,"realme Narzo 60 pro 5G (Cosmic Black, 256 GB)","₹26,999",12 GB RAM | 256 GB ROM17.02 cm (6.7 inch) Display100MP Rear Camera5000 mAh BatteryDomestic 1 Year of Device & 6 Months for In-Box Accessories,4.3
104,"OPPO F19 Pro+ 5G (Space Silver, 128 GB)","₹29,990",8 GB RAM | 128 GB ROM | Expandable Upto 256 GB16.33 cm (6.43 inch) Full HD+ Display48MP + 8MP + 2MP + 2MP | 16MP Front Camera4310 mAh Lithium-ion Polymer BatteryMediaTek Dimensity 800U ProcessorBrand Warranty of 1 Year Available for Mobile Including Battery and 6 Months for Accessories,4.4
105,"POCO F4 5G (Nebula Green, 256 GB)","₹29,990",12 GB RAM | 256 GB ROM16.94 cm (6.67 inch) Full HD+ Display64MP + 8MP + 2MP | 20MP Front Camera4500 mAh Lithium-ion Polymer BatteryQualcomm Snapdragon 870 Processor2 Years Brand Warranty,4.3
106,"vivo V23 5G (Stardust Black, 128 GB)","₹25,990",8 GB RAM | 128 GB ROM16.36 cm (6.44 inch) Full HD+ Display64MP + 8MP + 2MP | 50MP + 8MP Dual Front Camera4200 mAh Lithium BatteryMediatek Dimensity 920 Processor1 Year for Handset and 6 Months for Accessories,4.4
107,"OPPO Reno8 5G (Shimmer Black, 128 GB)","₹38,999",8 GB RAM | 128 GB ROM16.33 cm (6.43 inch) Full HD Display50MP + 8MP + 2MP | 32MP Front Camera4500 mAh Lithium-ion Polymer BatteryMediatek Dimensity 1300 Processor1 Year Warranty for Phone and 6 Months Warranty for In-Box Accessories,4.3
108,"OPPO Reno8 5G (Shimmer Gold, 128 GB)","₹38,999",8 GB RAM | 128 GB ROM16.33 cm (6.43 inch) Full HD Display50MP + 8MP + 2MP | 32MP Front Camera4500 mAh Lithium-ion Polymer BatteryMediatek Dimensity 1300 Processor1 Year Warranty for Phone and 6 Months Warranty for In-Box Accessories,4.3
109,"OPPO Reno8T 5G (Sunrise Gold, 128 GB)","₹38,999",8 GB RAM | 128 GB ROM | Expandable Upto 1 TB17.02 cm (6.7 inch) Full HD+ Display108MP + 2MP + 2MP | 32MP Front Camera4800 mAh Lithium-ion Polymer BatteryQualcomm Snapdragon 695 Processor67W SUPERVOOC TM Charger I Dual Stereo Speakers120Hz 3D Curved AMOLED Screen1 Year on Handset and 6 Months on Accessories,4.3
110,"Mi 11X Pro 5G (Lunar White, 128 GB)","₹26,999",8 GB RAM | 128 GB ROM16.94 cm (6.67 inch) Full HD+ Display108MP + 8MP + 5MP | 20MP Front Camera4520 mAh BatteryQualcomm Snapdragon 888 Processor1 Year Manufacturer Warranty for Device and 6 Months Manufacturer Warranty for In-box Accessories,4
111,"vivo V21 5G (Dusk Blue, 128 GB)","₹23,490",8 GB RAM | 128 GB ROM16.36 cm (6.44 inch) Full HD+ Display64MP + 8MP + 2MP | 44MP Front Camera4000 mAh Lithium-ion BatteryMediaTek Dimensity 800U ProcessorAMOLED Display1 Year for Handset and 6 Months for In-box Accessories,4.3
112,"vivo V23 5G (Sunshine Gold, 128 GB)","₹29,990",8 GB RAM | 128 GB ROM16.36 cm (6.44 inch) Full HD+ Display64MP + 8MP + 2MP | 50MP + 8MP Dual Front Camera4200 mAh Lithium BatteryMediatek Dimensity 920 Processor1 Year for Handset and 6 Months for Accessories,4.4
113,"SAMSUNG Galaxy A25 5G (Blue, 256 GB)","₹29,999",8 GB RAM | 256 GB ROM | Expandable Upto 1 TB16.51 cm (6.5 inch) Full HD+ Display50MP + 8MP + 2MP | 13MP Front Camera5000 mAh BatteryExynos 1280 Processor1 Year Manufacturer Warranty for Device and 6 Months for In-Box Accessories,4.5
114,"OPPO K10 5G (Midnight Black, 128 GB)","₹25,999",8 GB RAM | 128 GB ROM | Expandable Upto 1 TB16.66 cm (6.56 inch) HD+ Display48MP + 2MP | 8MP Front Camera5000 mAh Lithium Ion Polymer BatteryMediatek Dimensity 810 Processor1 Year Manufacturer Warranty for Phone and 6 Months Warranty for In-Box Accessories,4.4
115,"SAMSUNG Galaxy M33 5G (Mystique Green, 128 GB)","₹19,990",6 GB RAM | 128 GB ROM16.74 cm (6.59 inch) Display50MP Rear Camera6000 mAh Battery12 Months Warranty,4.2
116,"REDMI K50i 5G (Phantom Blue, 256 GB)","₹29,999",8 GB RAM | 256 GB ROM16.76 cm (6.6 inch) Full HD+ Display64MP + 8MP + 2MP | 16MP Front Camera5080 mAh BatteryDimensity 8100 Processor1 Year Manufacturer Warranty for Phone and 6 Months Warranty for In the Box Accessories,4.2
117,"SAMSUNG Galaxy A25 5G (Blue Black, 256 GB)","₹31,499",8 GB RAM | 256 GB ROM | Expandable Upto 1 TB16.51 cm (6.5 inch) Full HD+ Display50MP + 8MP + 2MP | 13MP Front Camera5000 mAh BatteryExynos 1280 Processor1 Year Manufacturer Warranty for Device and 6 Months for In-Box Accessories,4.5
118,"realme GT Master Edition (Daybreak Blue, 128 GB)","₹25,999",6 GB RAM | 128 GB ROM16.33 cm (6.43 inch) Full HD+ Display64MP + 8MP + 2MP | 32MP Front Camera4300 mAh BatteryQualcomm Snapdragon 778G Processor1 Year Warranty for Mobile and 6 Months for Accessories,4.4
119,"realme X50 Pro (Moss Green, 128 GB)","₹41,999",8 GB RAM | 128 GB ROM16.36 cm (6.44 inch) Full HD+ Display64MP + 12MP + 8MP + 2MP | 32MP + 8MP Dual Front Camera4200 mAh Battery5G PhoneQualcomm Snapdragon 865 Processor65W Superdart ChargeBrand Warranty of 1 Year Available for Mobile and 6 Months for Accessories,4.4
